form_main_source;form_main_rain;form_main_wind_direction;form_main_wind_force;form_main_cloud_level;form_main_threats;form_birds_name;form_birds_count_units;form_birds_count_type;form_birds_nesting;form_birds_sex;form_birds_age;form_birds_marking;form_birds_status;form_birds_behaviour;form_birds_death;form_birds_nest_substrate;form_birds_nest_location;form_birds_nest_height;form_birds_nest_position;form_birds_age_individual;form_birds_nest_success;form_herp_name;form_herp_gender;form_herp_age;form_herp_habitat;form_herp_danger_observation;form_cbm_distance;form_cbm_visit_number;form_cbm_sector;form_cbm_habitat;form_ciconia_substratum;form_ciconia_column;form_ciconia_column_type;form_ciconia_tree;form_ciconia_building;form_ciconia_not_occupied;form_ciconia_new_birds
Единични наблюдения;Не вали;E;0 - Безветрие;0-33%;Култивация;Larus cachinnans | Каспийска чайка;individuals;min;Колония;male;Pull;color_ring;Твърде вероятно гнездене;Храни се;Превозно средство;На дървета;Единично дърво;1-3м.;До стъблото;Pull;Pull;Ablepharus kitaibelii | Късокрак гущер;M (мъжки);Ad (Възрастен);1. Светли иглолистни гори с храсталаци;Пожари;1 - (0 - 25 m);E - първо посещение;1;A.1 - Широколисти гори;Стълб;с жици;бетонен;акация(салкъм);покрив на църква;тази година не са идвали въобще;ДВЕ птици
Средно зимно преброяване;Ръми;ENE;1 - Слаб вятър;33-66%;Използване на пестициди;Alectoris sp. | Неопределен кеклик;pairs;max;Гнездо;female;0;metal_ring;Възможно гнездене;Ловува;Отрова;На храсти;Група дървета;3-5м.;На страничен клон;Нулевогодишна;Нулевогодишна;Anguis colchica | Източен слепок;F (женски);Sub (млад, неоловозрял);1.1. гъсти иглолистни гори - култури и други;Сечи;2 - (25 -100 m);L - второ посещение;2;A.2 - Иглолистни гори;Дърво;без жици;железен;бряст;покрив на фурна;появили са се, но после изчезнали;EДНА птица
МОВП;Преваляване;ESE;2 - Лек бриз;66-100%;Наторяване;Accipiter brevipes | Късопръст ястреб;nests;range;;undefined;1;krilometka;Зимуващ;Строеж на гнездо / гнездова камера;Лов;На скали;Окрайнина на гора;5-10м.;На върха;1 годинa;1 годинa;Anguis fragilis | Слепок;;Juv (ювенилен, новоизлюпен);2. смесени гори;Строежи;3 - (100 - 250 m);;3;A.3 - Смесени гори;Покрив;;дървен;бор;покрив на училище;;
Миграция;;N;3 - Слаб вятър;;Напояване;Accipiter gentilis | Голям ястреб;singing_males;exact_number;;;2;transmitrer;Пролетна миграция;Възрастни хранещи малки;Неизвестна;В тръстика;В гора;над 10м.;;2 години;2 години;Bombina bombina | Червенокоремна бумка;;Larve (Ларва);3. силно разредени иглолистни гори с храсталаци;Кариери;f - (птици в полет);;4;A.4 - Алувиални и много влажни гори и храсталаци;Комин;;;върба;покрив на читалище;;
Мониторинг влажни зони;;NE;4 - Умерен вятър;;Паша;Accipiter nisus | Малък ястреб;family_individuals_ad_juv;unspecified_number;;;3;;Сигурно гнездене;Брачни игри / ухажване / копулация;Болест;На земята;;;;3 години;3 години;Bombina variegata | Жълтокоремна бумка;;Eggs (яйца);3.1. поляни, пасища, ливади с разпръснати храсти;Замърсяване;;;5;B.1 - Храсталаци на местата с умерен климат;;;;дъб;покрив на кметство;;
;;NNE;5 - Умерен вятър;;Изоставяне на пасторални системи;Acrocephalus agricola | Индийско шаварче;;;;;4;;Не гнездящ;В полет (РП, ПП, АП);;Дупки в земята;;;;4 години;4 години;Bufo bufo | Кафява крастава жаба;;;4. светли широколистни гори с храсталаци;Бракониери;;;6;B.2 - Сухолюбиви храсталаци;;;;липа;покрив на частна къща;;
;;NNW;6 - Силен вятър;;Реорганизация на селскостопански земи;Acrocephalus arundinaceus | Тръстиково шаварче;;;;;5(6);;Вагрант / скитащ;Нощувка (извън гнездовия период);;На сграда;;;;5(6) години;5(6) години;Caretta caretta | Карета;;;4.1. гъсти широколистни гори;Ветропарк;;;7;B.3 - Стелни и сухолюбиви тревни съобщества по варовити терени;;;;топола;покрив на трафопост;;
;;NW;7 - Доста силен вятър;;Отстраняване на плетове и храсти;Acrocephalus dumetorum | Градинско шаварче;;;;;Imm.;;Неизвестен;Излетели индивиди от местата за нощуване (основно за гъски);;На ел. стълбове;;;;Imm.;Imm.;Chelonia mydas | Зелена морска костенурка;;;5. силно разредени широколистни гори с храсталаци;Соларен парк;;;8;B.4 - Тревни съобщества по сухи силикатни терени;;;;чинар;покрив на фабрика;;
;;S;8 - Много силен вятър;;Животновъдство;Acrocephalus melanopogon | Мустакато шаварче;;;;;Subad;;Есенна миграция;Кацнала (дърво, храст, стълб, на земята);;Друго (свободен текст);;;;Subad;Subad;Coronella austriaca | Медянка;;;6. екотон дървесно-храстова, тревна растителност;Мини ВЕЦ;;;9;B.5 - Алпийски и субалпийски тревни съобщества;;;;черница;покрив на баня;;
;;SE;9 - Щорм;;Хранене на добитък;Acrocephalus paludicola | Водно шаварче;;;;;Juv;;Твърде вероятно гнездене;Представен;;;;;;Juv.;Juv.;Darevskia praticola | Горски гущер;;;7. пасища и ливади без да има наблизо гори или храсти или само с единични такива;Разораване на пасища и мери;;;10;B.6 - Тревни съобщества по влажни терени;;;;сухо;покрив на друга;;
;;SSE;10 - Силен Щорм;;Модифициране на култивационните практики;Acrocephalus palustris | Мочурно шаварче;;;;;Ad;;Възможно гнездене;зимуващ(и);;;;;;Ad.;;Dolichophis caspius | Голям стрелец;;;8. смесица от градини, лозя, пасища, ливади, синури, горички или храсти;Залесяване с нетипични видове;;;;B.7 - Мезофилни тревни съобщества;;;;друго;комин на църква;;
;;SSW;11 - Жесток щорм;;Селскостопански и горскостопански дейности, които не са посочени по-горе;Acrocephalus schoenobaenus | Крайбрежно шаварче;;;;;;;Зимуващ;Храни се / ловува;;;;;;;;Elaphe quatuorlineata | Ивичест смок (кощерица);;;9. интензивни овощни градини и лозя - лишени от тревно покритие;Прекомерно обрастване на пасища;;;;C.1 - Подобрени тревни площи;;;;… (свободен текст);комин на фурна;;
;;SW;12 - Ураган;;Залесяване;Acrocephalus scirpaceus | Блатно шаварче;;;;;;;Пролетна миграция;Брачни игри, ухажване;;;;;;;;Elaphe sauromates | Пъстър смок;;;10. скални местообитания;Пресъхващи водни тела;;;;C.2 - Посеви и други тревни култури;;;;;комин на училище;;
;;W;;;Горскостопански сечи;Actitis hypoleucos | Късокрил кюкавец;;;;;;;Сигурно гнездене;В полет;;;;;;;;Emys orbicularis | Обикновена блатна костенурка;;;11. дюни обрасли с хр-астова растителност;Пътища;;;;C.3 - Овощни градини, дървесни и храстови плантации;;;;;комин на читалище;;
;;WNW;;;Експлоатация без повторно засаждане;Actitis macularia | Петнист кюкавец;;;;;;;Не гнездящ;Пеещ(и) мъжки;;;;;;;;Epidalea viridis | Зелена крастава жаба;;;11.1. лонгозни гори;Инвазивни видове;;;;C.4 - Ивици дървета, храсти и мозайки от тях;;;;;комин на кметство;;
;;WSW;;;Косене / сечи;Aegithalos caudatus | Дългоопашат синигер;;;;;;;Вагрант / скитащ;;;;;;;;;Eryx jaculus | Пясъчна (турска) боа;;;12. галерийните гори край реките;Други;;;;D.1 - Градове;;;;;комин на частна къща;;
;;;;;Отстраняване на подраст;Aegolius funereus | Пернатонога кукумявка;;;;;;;Неизвестен;;;;;;;;;Eurotestudo hermanni | Шипоопашата костенурка;;;12.1. дерета;Зарибяване;;;;D.2 - Села;;;;;комин на трафопост;;
;;;;;Отстраняване на мъртви и загиващи дървета;Aegypius monachus | Черен лешояд;;;;;;;Есенна миграция;;;;;;;;;Hyla arborea | Жаба дървесница;;;13. влажни зони - крайбрежия обрасли с тръстика;Убит на пътя;;;;D.3 - Индустриални зоми;;;;;комин на фабрика;;
;;;;;Общо управление на горите;Aix galericulata | Мандаринка;;;;;;;Твърде вероятно гнездене;;;;;;;;;Ichthyosaura alpestris | Алпийски тритон;;;14. Водни местообитания:;Мъртъв екземпляр;;;;D.4 - Градски паркове и градини;;;;;комин на баня;;
;;;;;Изкуствено залесяване;Aix sponsa | Каролинка;;;;;;;Възможно гнездене;;;;;;;;;Lacerta agilis | Ливаден гущер;;;14.1 рекa;Премахване на храсти;;;;D.5 - Индустриални водоеми;;;;;комин на друга;;
;;;;;Повторно засаждане;Alauda arvensis | Полска чучулига;;;;;;;Зимуващ;;;;;;;;;Lacerta agilis bosnica | Ливаден гущер;;;14.2 езера;Съблекло;;;;E.1 - Сипеи;;;;;;;
;;;;;Изгаряне;Alca torda | Дебелоклюна гагарка;;;;;;;Пролетна миграция;;;;;;;;;Lacerta agilis chersonensis | Ливаден гущер;;;14.3 язовир;Изпражнения;;;;E.2 - Скали и скални;;;;;;;
;;;;;Отглеждане на рибни и черупчести аквакултури;Alcedo atthis | Земеродно рибарче;;;;;;;Сигурно гнездене;;;;;;;;;Lacerta trilineata | Ивичест гущер;;;14.4 микроязовир;;;;;E.3 - Пясъчни дюни и полета във вътрешността на страната;;;;;;;
;;;;;Професионален риболов;Alectoris barbara | Берберски кеклик;;;;;;;Не гнездящ;;;;;;;;;Lacerta viridis | Зелен гущер;;;14.5 канал;;;;;E.4 - Пещери;;;;;;;
;;;;;Риболов на определени места;Alectoris chukar | Тракийски кеклик;;;;;;;Вагрант / скитащ;;;;;;;;;Lissotriton graecus | Влакноопашато тритонче;;;14.6 други;;;;;E.5 - Участъци с вечен лед и снаг;;;;;;;
;;;;;Тралене;Alectoris graeca | Планински кеклик;;;;;;;Неизвестен;;;;;;;;;Lissotriton vulgaris | Обикновен тритон;;;14.7 корито на чешма;;;;;F.1 - Торфени блата и мочурища;;;;;;;
;;;;;Риболов с плаващи мрежи;Alectoris rufa | Червен кеклик;;;;;;;Есенна миграция;;;;;;;;;Malpolon insignitus | Вдлъбнаточел смок;;;14.8. коловоз;;;;;F.2 - Растителност по периферията на водоемите;;;;;;;
;;;;;Събиране на примамки;Alle alle | Малка гагарка;;;;;;;Твърде вероятно гнездене;;;;;;;;;Mauremys rivulata | Каспийска блатна костенурка;;;14.9. канавки;;;;;F.3 - Крайречни и приизворни мочурища;;;;;;;
;;;;;Лов;Alopochen aegyptiacus | Египетска гъска;;;;;;;Възможно гнездене;;;;;;;;;Mediodactylus kotschyi | Балкански гекон;;;14.10 локва на пътя;;;;;G.1 - Лагуни;;;;;;;
;;;;;Вземане от гнездото (соколи);Amandava amandava;;;;;;;Зимуващ;;;;;;;;;Natrix natrix | Обикновена водна змия;;;15. покритие на брегова растителност;;;;;G.2 - Стоящи пресни води;;;;;;;
;;;;;Други въздействия, свързани с отдиха и туризма, които не са посочени по-горе;Ammomanes deserti | Пустинна чучулига;;;;;;;Пролетна миграция;;;;;;;;;Natrix natrix natrix | Обикновена водна змия;;;15.1 от 0 до 33 %;;;;;G.3 - Стоящи бракични води;;;;;;;
;;;;;Сметища, възстановяване на земи и пресушаване;Ammoperdix griseogularis | Персийска пустинна яребица;;;;;;;Сигурно гнездене;;;;;;;;;Natrix natrix persa | Обикновена (ивичеста) водна змия;;;15.2 от 34 до 66 %;;;;;G.4 - Течащи води;;;;;;;
;;;;;Запълване на канавки, отводнителни канали, езера, вирове, блата или изкопи;Anas acuta | Шилоопшата патица;;;;;;;Не гнездящ;;;;;;;;;Natrix tessellata | Сива водна змия;;;15.3 от 67 до 99 %;;;;;H.1 - Море;;;;;;;
;;;;;Пресушаване;Anas carolinensis | Каролинско зимно бърне;;;;;;;Вагрант / скитащ;;;;;;;;;Ophisops elegans | Змиеок гущер;;;16. обработваеми земи;;;;;H.2 - Тесни морски заливи;;;;;;;
;;;;;Управление на водната или крайбрежна растителност за целите на дренажа;Anas clypeata | Клопач;;;;;;;Неизвестен;;;;;;;;;Pelobates fuscus | Обикновена чесновница;;;16.1. угар;;;;;H.3 - Естуари;;;;;;;
;;;;;Отстраняване на седименти (тиня...);Anas crecca | Зимно бърне;;;;;;;;;;;;;;;;Pelobates syriacus | Сирийска (балканска) чесновница;;;16.2. зеленчукови градини;;;;;H.4 - Тинести и пясъчни морски плитчини;;;;;;;
;;;;;Канализация;Anas discors | Синьокрило бърне;;;;;;;;;;;;;;;;Pelophylax kl. esculentus | Зелена водна жаба;;;16.3. зърнени култури;;;;;H.5 - Засолени терени с халофитна растителност;;;;;;;
;;;;;Управление на водните нива;Anas falcata | Сърпокрила патица;;;;;;;;;;;;;;;;Pelophylax ridibundus | Голяма водна жаба;;;16.4. люцерни;;;;;H.6 - Крайбрежни плажове и пясъчни дюни;;;;;;;
;;;;;Диги, насипи, изкуствени плажове, общо;Anas penelope | Фиш;;;;;;;;;;;;;;;;Platyceps collaris | Черноврата стрелушка;;;16.5. други;;;;;H.7 - Чакълести морски брегове;;;;;;;
;;;;;Управление на водните нива;Anas platyrhynchos | Зеленоглава патица;;;;;;;;;;;;;;;;Platyceps najadum | Тънък стрелец (стрелушка);;;17. черен път;;;;;H.8 - Стръмни скалисти брегове;;;;;;;
;;;;;Добив на пясък и чакъл;Anas querquedula | Лятно бърне;;;;;;;;;;;;;;;;Podarcis erhardii | Македонски гущер;;;18. Асфалтов път;;;;;H.9 - Острови, островчета, надводни скали и камъни;;;;;;;
;;;;;Кариери;Anas strepera | Сива патица;;;;;;;;;;;;;;;;Podarcis muralis | Стенен гущер;;;19. Постройки (извън населени места);;;;;D.6 - Пустеещи земи;;;;;;;
;;;;;Отнемане на материали от плажната ивица;Anser albifrons | Голяма белочела гъска;;;;;;;;;;;;;;;;Podarcis tauricus | Кримски гущер;;;20. Селищни територии;;;;;;;;;;;;
;;;;;Добив на торф;Anser anser | Сива гъска;;;;;;;;;;;;;;;;Pseudopus apodus | Жълтокоремник (змиегущер);;;21. Градски територии;;;;;;;;;;;;
;;;;;Ръчно събиране на торф;Anser brachyrhynchus | Късоклюна гъска;;;;;;;;;;;;;;;;Rana dalmatina | Горска жаба;;;14.11. Мочур;;;;;;;;;;;;
;;;;;Механично събиране на торф;Anser caerulescens | Снежна гъска;;;;;;;;;;;;;;;;Rana graeca | Гръцка жаба;;;14.12. Малко езеро (до 30 кв. м);;;;;;;;;;;;
;;;;;Проучване и добив на петрол или газ;Anser erythropus | Малка белочела гъска;;;;;;;;;;;;;;;;Rana temporaria | Планинска жаба;;;14.13. Шахта;;;;;;;;;;;;
;;;;;Мини;Anser fabalis | Посевна гъска;;;;;;;;;;;;;;;;Salamandra salamandra | Дъждовник;;;14.14. Калище;;;;;;;;;;;;
;;;;;Открити мини;Anser serrirostis | Тундрова посевна гъска;;;;;;;;;;;;;;;;Telescopus fallax | Котешка змия;;;10.1.Шкарп;;;;;;;;;;;;
;;;;;Солници;Anser spp. | Неопределени гъски;;;;;;;;;;;;;;;;Testudo graeca | Шипобедрена костенурка;;;22. Сечище;;;;;;;;;;;;
;;;;;Дейности, свързани с минното дело и добива на материали, които не са посочени по-горе;Anthropoides virgo | Момин жерав;;;;;;;;;;;;;;;;Triturus cristatus | Северен гребенест тритон;;;;;;;;;;;;;;;
;;;;;Замърсяване на водите;Anthus berthelotii | Канарска бъбрица;;;;;;;;;;;;;;;;Triturus dobrogicus | Дунавски гребенест тритон;;;;;;;;;;;;;;;
;;;;;Замърсяване на въздуха;Anthus campestris | Полска бъбрица;;;;;;;;;;;;;;;;Triturus ivanbureschi | Южен гребенест тритон;;;;;;;;;;;;;;;
;;;;;Замърсяване на почвите;Anthus cervinus | Червеногуша бъбрица;;;;;;;;;;;;;;;;Triturus macedonicus | Македонски гребенест тритон;;;;;;;;;;;;;;;
;;;;;Урбанизирани райони, обитавани от човека области;Anthus gustavi | Сибирска бъбрица;;;;;;;;;;;;;;;;Vipera ammodytes | Пепелянка;;;;;;;;;;;;;;;
;;;;;Текуща урбанизация;Anthus hodgsoni | Зелена бъбрица;;;;;;;;;;;;;;;;Vipera ammodytes ammodytes | Червеноопашата пепелянка;;;;;;;;;;;;;;;
;;;;;Преустановена урбанизация;Anthus novaeseelandiae | Дългоопашата бъбрица;;;;;;;;;;;;;;;;Vipera ammodytes montandoni | Зеленоопашата пепелянка;;;;;;;;;;;;;;;
;;;;;Разпръснати селища;Anthus petrosus | Скална бъбрица;;;;;;;;;;;;;;;;Vipera aspis | Аспида (каменарка);;;;;;;;;;;;;;;
;;;;;;Anthus pratensis | Ливадна бъбрица;;;;;;;;;;;;;;;;Vipera berus | Усойница;;;;;;;;;;;;;;;
;;;;;;Anthus richardi | Степна бъбрица;;;;;;;;;;;;;;;;Vipera ursinii | Остромуцунеста усойница;;;;;;;;;;;;;;;
;;;;;;Anthus spinoletta | Водна бъбрица;;;;;;;;;;;;;;;;Zamenis longissimus | Смок мишкар;;;;;;;;;;;;;;;
;;;;;;Anthus trivialis | Горска бъбрица;;;;;;;;;;;;;;;;Zamenis situla | Леопардов смок;;;;;;;;;;;;;;;
;;;;;;Apus affinis | Малък бързолет;;;;;;;;;;;;;;;;Zootoca vivipara | Живороден гущер;;;;;;;;;;;;;;;
;;;;;;Apus apus | Черен бързолет;;;;;;;;;;;;;;;;Erinaceus roumanicus | Белогръд таралеж;;;;;;;;;;;;;;;
;;;;;;Apus caffer | Белокръст бързолет;;;;;;;;;;;;;;;;Talpa europea | Къртица;;;;;;;;;;;;;;;
;;;;;;Apus melba | Алпийски бързолет;;;;;;;;;;;;;;;;Talpa levantis | Черноморска къртица;;;;;;;;;;;;;;;
;;;;;;Apus pallidus | Блед бързолет;;;;;;;;;;;;;;;;Sorex araneus | Обикновена кафявозъбка;;;;;;;;;;;;;;;
;;;;;;Apus unicolor | Едноцветен бързолет;;;;;;;;;;;;;;;;Sorex minutus | Малка кафявозъбка;;;;;;;;;;;;;;;
;;;;;;Aquila adalberti | Испански орел;;;;;;;;;;;;;;;;Neomys anomalus | Малка водна земеровка;;;;;;;;;;;;;;;
;;;;;;Aquila chrysaetos | Скален орел;;;;;;;;;;;;;;;;Neomys fodiens | Голяма водна земеровка;;;;;;;;;;;;;;;
;;;;;;Aquila clanga | Голям креслив орел;;;;;;;;;;;;;;;;Crocidura leucodon | Голяма (белокоремна) белозъбка;;;;;;;;;;;;;;;
;;;;;;Aquila heliaca | Царски орел;;;;;;;;;;;;;;;;Crocidura suaveolens | Малка белозъбка;;;;;;;;;;;;;;;
;;;;;;Aquila nipalensis | Степен орел;;;;;;;;;;;;;;;;Suncus etruscus | Етруска земеровка;;;;;;;;;;;;;;;
;;;;;;Aquila pomarina | Малък креслив орел;;;;;;;;;;;;;;;;Lepus europeus | Див заек;;;;;;;;;;;;;;;
;;;;;;Aquila rapax | Африкански степен орел;;;;;;;;;;;;;;;;Oryctolagus cuniculus | Заек подземник;;;;;;;;;;;;;;;
;;;;;;Ardea cinerea | Сива чапла;;;;;;;;;;;;;;;;Sciurus vulgaris | Катерица;;;;;;;;;;;;;;;
;;;;;;Ardea purpurea | Ръждива чапла;;;;;;;;;;;;;;;;Spermophilus citellus | Лалугер;;;;;;;;;;;;;;;
;;;;;;Ardeola ralloides | Гривеста чапла;;;;;;;;;;;;;;;;Dryomys nitedula | Горски сънливец;;;;;;;;;;;;;;;
;;;;;;Arenaria interpres | Камъкообръщач;;;;;;;;;;;;;;;;Glis glis | Обикновен (голям) сънливец;;;;;;;;;;;;;;;
;;;;;;Asio flammeus | Блатна сова;;;;;;;;;;;;;;;;Muscardinus avellanarius | Лешников сънливец;;;;;;;;;;;;;;;
;;;;;;Asio otus | Горска ушата сова;;;;;;;;;;;;;;;;Myomimus roachi | Мишевиден сънливец;;;;;;;;;;;;;;;
;;;;;;Athene noctua | Домашна кукумявка;;;;;;;;;;;;;;;;Micromys minutus | Оризищна мишка;;;;;;;;;;;;;;;
;;;;;;Aythya collaris | Пръстенчатоклюна потапница;;;;;;;;;;;;;;;;Sylvaemus epimelas | Скална мишка;;;;;;;;;;;;;;;
;;;;;;Aythya ferina | Кафявоглава потапница;;;;;;;;;;;;;;;;Sylvaemus flavicollis | Жълтогърла горска мишка;;;;;;;;;;;;;;;
;;;;;;Aythya fuligula | Качулата потапница;;;;;;;;;;;;;;;;Sylvaemus sylvaticus | Обикновена горска мишка;;;;;;;;;;;;;;;
;;;;;;Aythya marila | Планинска потапница;;;;;;;;;;;;;;;;Sylvaemus uralensis | Малка горска мишка;;;;;;;;;;;;;;;
;;;;;;Aythya nyroca | Белоока потапница;;;;;;;;;;;;;;;;Apodemus agrarius | Полска мишка;;;;;;;;;;;;;;;
;;;;;;Bombycilla garrulus | Копринарка;;;;;;;;;;;;;;;;Rattus rattus | Черен плъх;;;;;;;;;;;;;;;
;;;;;;Bonasa bonasia | Лещарка;;;;;;;;;;;;;;;;Rattus norvegicus | Сив плъх;;;;;;;;;;;;;;;
;;;;;;Botaurus lentiginosus;;;;;;;;;;;;;;;;Mus musculus musculus | Домашна мишка;;;;;;;;;;;;;;;
;;;;;;Botaurus stellaris | Голям воден бик;;;;;;;;;;;;;;;;Mus musculus domesticus | Домашна мишка;;;;;;;;;;;;;;;
;;;;;;Branta bernicla | Черна гъска;;;;;;;;;;;;;;;;Mus spicilegus | Степна домашна мишка;;;;;;;;;;;;;;;
;;;;;;Branta canadensis | Канадска гъска;;;;;;;;;;;;;;;;Mus macedonicus | Източносредиземноморска домашна мишка;;;;;;;;;;;;;;;
;;;;;;Branta leucopsis | Белобуза гъска;;;;;;;;;;;;;;;;Cricetus cricetus | Голям хомяк;;;;;;;;;;;;;;;
;;;;;;Branta ruficollis | Червеногуша гъска;;;;;;;;;;;;;;;;Mesocricetus newtoni | Добръджански хомяк;;;;;;;;;;;;;;;
;;;;;;Bubo bubo | Бухал;;;;;;;;;;;;;;;;Cricetulus migratоrius | Сиво хомяче;;;;;;;;;;;;;;;
;;;;;;Bubulcus ibis | Биволска чапла;;;;;;;;;;;;;;;;Ondatra zibethicus | Ондатра;;;;;;;;;;;;;;;
;;;;;;Bucanetes githagineus;;;;;;;;;;;;;;;;Clethrionomys glareolus | Ръждива горска полевка;;;;;;;;;;;;;;;
;;;;;;Bucanetes mongolicus;;;;;;;;;;;;;;;;Arvicola terrestris | Водна полевка (плъх);;;;;;;;;;;;;;;
;;;;;;Bucephala clangula | Звънарка;;;;;;;;;;;;;;;;Microtus arvalis | Обикновена полевка;;;;;;;;;;;;;;;
;;;;;;Bucephala islandica;;;;;;;;;;;;;;;;Microtus levis | Източноевропейска полевка;;;;;;;;;;;;;;;
;;;;;;Bulweria bulwerii;;;;;;;;;;;;;;;;Microtus hartingi | Полевка на Хартинг;;;;;;;;;;;;;;;
;;;;;;Burhinus oedicnemus | Турилик;;;;;;;;;;;;;;;;Microtus subterraneus | Подземна полевка;;;;;;;;;;;;;;;
;;;;;;Buteo buteo | Обикновен мишелов;;;;;;;;;;;;;;;;Chinomys nivalis | Снежна полевка;;;;;;;;;;;;;;;
;;;;;;Buteo lagopus | Северен мишелов;;;;;;;;;;;;;;;;Sicista subtilis | Скачаща степна мишка;;;;;;;;;;;;;;;
;;;;;;Buteo rufinus | Белоопашат мишелов;;;;;;;;;;;;;;;;Spalax leucodon | Сляпо куче;;;;;;;;;;;;;;;
;;;;;;Butorides virescens;;;;;;;;;;;;;;;;Myocastor coypus | Нутрия;;;;;;;;;;;;;;;
;;;;;;Calandrella brachydactyla | Късопръста чучулига;;;;;;;;;;;;;;;;Canis lupus | Вълк;;;;;;;;;;;;;;;
;;;;;;Calandrella rufescens | Сива чучулига;;;;;;;;;;;;;;;;Canis aureus | Чакал;;;;;;;;;;;;;;;
;;;;;;Calcarius lapponicus | Лапландска овесарка;;;;;;;;;;;;;;;;Vulpes vulpes | Лисица;;;;;;;;;;;;;;;
;;;;;;Calidris alba | Трипръст брегобегач;;;;;;;;;;;;;;;;Nyctereutes procenoides | Енотовидно куче;;;;;;;;;;;;;;;
;;;;;;Calidris alpina | Тъмногръд брегобегач;;;;;;;;;;;;;;;;Ursus arctos | Кафява мечка;;;;;;;;;;;;;;;
;;;;;;Calidris canutus | Голям брегобегач;;;;;;;;;;;;;;;;Martes martes | Златка;;;;;;;;;;;;;;;
;;;;;;Calidris ferruginea | Кривоклюн брегобегач;;;;;;;;;;;;;;;;Martes foina | Бялка;;;;;;;;;;;;;;;
;;;;;;Calidris fuscicollis | Белокръст брегобегач;;;;;;;;;;;;;;;;Mustela nivalis | Невестулка;;;;;;;;;;;;;;;
;;;;;;Calidris maritima | Морски брегобегач;;;;;;;;;;;;;;;;Mustela putorius | Черен пор;;;;;;;;;;;;;;;
;;;;;;Calidris mauri | Западен брегобегач;;;;;;;;;;;;;;;;Mustela eversmani | Степен пор;;;;;;;;;;;;;;;
;;;;;;Calidris melanotos | Цветногръд брегобегач;;;;;;;;;;;;;;;;Vormela peregusna | Пъстър пор;;;;;;;;;;;;;;;
;;;;;;Calidris minuta | Малък брегобегач;;;;;;;;;;;;;;;;Meles meles | Язовец;;;;;;;;;;;;;;;
;;;;;;Calidris pusilla | Ципестопръст брегобегач;;;;;;;;;;;;;;;;Lutra lutra | Видра;;;;;;;;;;;;;;;
;;;;;;Calidris temminckii | Сив брегобегач;;;;;;;;;;;;;;;;Felis silvestris | Дива котка;;;;;;;;;;;;;;;
;;;;;;Calonectris diomedea | Жълтоклюн буревестник;;;;;;;;;;;;;;;;Lynx lynx | Рис;;;;;;;;;;;;;;;
;;;;;;Caprimulgus europaeus | Козодой;;;;;;;;;;;;;;;;Delphinus delphis | Обикновен делфин;;;;;;;;;;;;;;;
;;;;;;Caprimulgus ruficollis;;;;;;;;;;;;;;;;Tursiops truncatus | Афала;;;;;;;;;;;;;;;
;;;;;;Carduelis cannabina | Обикновено конопарче;;;;;;;;;;;;;;;;Phocoena phocoena | Морска свиня (Муткур);;;;;;;;;;;;;;;
;;;;;;Carduelis carduelis | Щиглец;;;;;;;;;;;;;;;;Sus scrofa | Дива свиня;;;;;;;;;;;;;;;
;;;;;;Carduelis chloris | Зеленика;;;;;;;;;;;;;;;;Cervus elaphus | Благороден елен;;;;;;;;;;;;;;;
;;;;;;Carduelis flammea | Брезова скатия;;;;;;;;;;;;;;;;Dama dama | Елен лопатар;;;;;;;;;;;;;;;
;;;;;;Carduelis flavirostris | Жълтоклюно конопарче;;;;;;;;;;;;;;;;Capreolus capreolus | Сърна;;;;;;;;;;;;;;;
;;;;;;Carduelis hornemanni | Полярна скатия;;;;;;;;;;;;;;;;Rupicapra rupicapra | Дива коза;;;;;;;;;;;;;;;
;;;;;;Carduelis spinus | Елшова скатия;;;;;;;;;;;;;;;;Ovis gmelinii | Муфлон;;;;;;;;;;;;;;;
;;;;;;Carpodacus erythrinus | Червена чинка;;;;;;;;;;;;;;;;Rhinolophus ferrumequinum | Голям подковонос;;;;;;;;;;;;;;;
;;;;;;Carpodacus rubicilla;;;;;;;;;;;;;;;;Rhinolophus hipposideros | Малък подковонос;;;;;;;;;;;;;;;
;;;;;;Carpospiza brachydactyla;;;;;;;;;;;;;;;;Rhinolophus blasii | Подковонос на Блази;;;;;;;;;;;;;;;
;;;;;;Cepphus grylle | Обикновен чистик;;;;;;;;;;;;;;;;Rhinolophus euryale | Южен подковонос;;;;;;;;;;;;;;;
;;;;;;Cercotrichas galactotes | Трънковче;;;;;;;;;;;;;;;;Rhinolophus mehelyi | Подковонос на Мехели;;;;;;;;;;;;;;;
;;;;;;Certhia brachydactyla | Градинска дърволазка;;;;;;;;;;;;;;;;Myotis myotis | Голям нощник;;;;;;;;;;;;;;;
;;;;;;Certhia familiaris | Горска дърволазка;;;;;;;;;;;;;;;;Myotis blythii | Остроух нощник;;;;;;;;;;;;;;;
;;;;;;Ceryle rudis;;;;;;;;;;;;;;;;Myotis bechsteinii | Нощник на Бехщайн;;;;;;;;;;;;;;;
;;;;;;Cettia cetti | Свилено шаварче;;;;;;;;;;;;;;;;Myotis natteri | Нощник на Натерер;;;;;;;;;;;;;;;
;;;;;;Charadrius alexandrinus | Морски дъждосвирец;;;;;;;;;;;;;;;;Myotis emarginatus | Трицветен нощник;;;;;;;;;;;;;;;
;;;;;;Charadrius asiaticus | Каспийски дъждосвирец;;;;;;;;;;;;;;;;Myotis mystacinus | Мустакат нощник;;;;;;;;;;;;;;;
;;;;;;Charadrius dubius | Речен дъждосвирец;;;;;;;;;;;;;;;;Myotis aurascens | Южен мустакат нощник;;;;;;;;;;;;;;;
;;;;;;Charadrius hiaticula | Пясъчен дъждосвирец;;;;;;;;;;;;;;;;Myotis brandtii | Нощник на Брандт;;;;;;;;;;;;;;;
;;;;;;Charadrius leschenaultii | Дебелоклюн дъждосвирец;;;;;;;;;;;;;;;;Myotis daubentonii | Воден нощник;;;;;;;;;;;;;;;
;;;;;;Charadrius morinellus | Планински дъждосвирец;;;;;;;;;;;;;;;;Myotis capaccinii | Дългопръст нощник;;;;;;;;;;;;;;;
;;;;;;Chersophilus duponti | Кривоклюна чучулига;;;;;;;;;;;;;;;;Myotis dasycneme | Езерен нощник;;;;;;;;;;;;;;;
;;;;;;Chettusia gregaria | Степна калугерица;;;;;;;;;;;;;;;;Myotis alcathoe | Алкатоев нощник;;;;;;;;;;;;;;;
;;;;;;Chettusia leucura | Белоопашата калугерица;;;;;;;;;;;;;;;;Plecotus austriacus | Сив дългоух прилеп;;;;;;;;;;;;;;;
;;;;;;Chlamydotis undulata;;;;;;;;;;;;;;;;Plecotus auritus | Кафяв дългоух прилеп;;;;;;;;;;;;;;;
;;;;;;Chlidonias hybridus | Белобуза рибарка;;;;;;;;;;;;;;;;Barabastella barabastellus | Широкоух прилеп;;;;;;;;;;;;;;;
;;;;;;Chlidonias leucopterus | Белокрила рибарка;;;;;;;;;;;;;;;;Nyctalus noctula | Ръждив вечерник;;;;;;;;;;;;;;;
;;;;;;Chlidonias niger | Черна рибарка;;;;;;;;;;;;;;;;Nyctalus lasiopterus | Голям вечерник;;;;;;;;;;;;;;;
;;;;;;Chrysolophus pictus;;;;;;;;;;;;;;;;Nyctalus leisleri | Малък вечерник;;;;;;;;;;;;;;;
;;;;;;Ciconia ciconia | Бял щъркел;;;;;;;;;;;;;;;;Pipistrellus pipistrellus | Кафяво прилепче;;;;;;;;;;;;;;;
;;;;;;Ciconia nigra | Черен щъркел;;;;;;;;;;;;;;;;Pipistrellus pygmaeus;;;;;;;;;;;;;;;
;;;;;;Cinclus cinclus | Воден кос;;;;;;;;;;;;;;;;Pipistrellus nathusii | Прилепче на Натузий;;;;;;;;;;;;;;;
;;;;;;Circaetus gallicus | Орел змияр;;;;;;;;;;;;;;;;Pipistrellus kuhlii | Средиземноморско прилепче;;;;;;;;;;;;;;;
;;;;;;Circus aeruginosus | Тръстиков блатар;;;;;;;;;;;;;;;;Hypsugo savii | Прилепче на Сави;;;;;;;;;;;;;;;
;;;;;;Circus cyaneus | Полски блатар;;;;;;;;;;;;;;;;Eptisicus serotinus | Полунощен прилеп;;;;;;;;;;;;;;;
;;;;;;Circus macrourus | Степен блатар;;;;;;;;;;;;;;;;Eptisicus nilssonii | Северен прилеп;;;;;;;;;;;;;;;
;;;;;;Circus pygargus | Ливаден блатар;;;;;;;;;;;;;;;;Vesperilio murinus | Двуцветен прилеп;;;;;;;;;;;;;;;
;;;;;;Cisticola juncidis | Пъстроопашато шаварче;;;;;;;;;;;;;;;;Miniopterus schrebersii | Пещерен дългокрил;;;;;;;;;;;;;;;
;;;;;;Clamator glandarius | Качулата кукувица;;;;;;;;;;;;;;;;Tadarida teniotis | Булдогов прилеп;;;;;;;;;;;;;;;
;;;;;;Clangula hyemalis | Ледена потапница;;;;;;;;;;;;;;;;;;;;;;;;;;;;;;;
;;;;;;Coccothraustes coccothraustes | Черешарка;;;;;;;;;;;;;;;;;;;;;;;;;;;;;;;
;;;;;;Coccyzus americanus;;;;;;;;;;;;;;;;;;;;;;;;;;;;;;;
;;;;;;Columba bollii;;;;;;;;;;;;;;;;;;;;;;;;;;;;;;;
;;;;;;Columba junoniae;;;;;;;;;;;;;;;;;;;;;;;;;;;;;;;
;;;;;;Columba livia | Полудив гълъб;;;;;;;;;;;;;;;;;;;;;;;;;;;;;;;
;;;;;;Columba oenas | Гълъб хралупар;;;;;;;;;;;;;;;;;;;;;;;;;;;;;;;
;;;;;;Columba palumbus | Гривяк;;;;;;;;;;;;;;;;;;;;;;;;;;;;;;;
;;;;;;Columba trocaz;;;;;;;;;;;;;;;;;;;;;;;;;;;;;;;
;;;;;;Coracias garrulus | Синявица;;;;;;;;;;;;;;;;;;;;;;;;;;;;;;;
;;;;;;Corvus corax | Гарван гробар;;;;;;;;;;;;;;;;;;;;;;;;;;;;;;;
;;;;;;Corvus corone | Сива врана;;;;;;;;;;;;;;;;;;;;;;;;;;;;;;;
;;;;;;Corvus frugilegus | Посевна врана;;;;;;;;;;;;;;;;;;;;;;;;;;;;;;;
;;;;;;Corvus monedula | Чавка;;;;;;;;;;;;;;;;;;;;;;;;;;;;;;;
;;;;;;Coturnix coturnix | Пъдпъдък;;;;;;;;;;;;;;;;;;;;;;;;;;;;;;;
;;;;;;Crex crex | Ливаден дърдавец;;;;;;;;;;;;;;;;;;;;;;;;;;;;;;;
;;;;;;Cuculus canorus | Обикновена кукувица;;;;;;;;;;;;;;;;;;;;;;;;;;;;;;;
;;;;;;Cuculus saturatus;;;;;;;;;;;;;;;;;;;;;;;;;;;;;;;
;;;;;;Cursorius cursor;;;;;;;;;;;;;;;;;;;;;;;;;;;;;;;
;;;;;;Cyanopica cyana;;;;;;;;;;;;;;;;;;;;;;;;;;;;;;;
;;;;;;Cygnus bewickii | Тундров лебед;;;;;;;;;;;;;;;;;;;;;;;;;;;;;;;
;;;;;;Cygnus cygnus | Поен лебед;;;;;;;;;;;;;;;;;;;;;;;;;;;;;;;
;;;;;;Cygnus olor | Ням лебед;;;;;;;;;;;;;;;;;;;;;;;;;;;;;;;
;;;;;;Delichon urbica | Градска лястовица;;;;;;;;;;;;;;;;;;;;;;;;;;;;;;;
;;;;;;Dendrocopos leucotos | Белогърб кълвач;;;;;;;;;;;;;;;;;;;;;;;;;;;;;;;
;;;;;;Dendrocopos major | Голям пъстър кълвач;;;;;;;;;;;;;;;;;;;;;;;;;;;;;;;
;;;;;;Dendrocopos medius | Среден пъстър кълвач;;;;;;;;;;;;;;;;;;;;;;;;;;;;;;;
;;;;;;Dendrocopos minor | Малък пъстър кълвач;;;;;;;;;;;;;;;;;;;;;;;;;;;;;;;
;;;;;;Dendrocopos syriacus | Сирийски пъстър кълвач;;;;;;;;;;;;;;;;;;;;;;;;;;;;;;;
;;;;;;Dryocopus martius | Черен кълвач;;;;;;;;;;;;;;;;;;;;;;;;;;;;;;;
;;;;;;Egretta alba | Голяма бяла чапла;;;;;;;;;;;;;;;;;;;;;;;;;;;;;;;
;;;;;;Egretta garzetta | Малка бяла чапла;;;;;;;;;;;;;;;;;;;;;;;;;;;;;;;
;;;;;;Egretta gularis | Рифова чапла;;;;;;;;;;;;;;;;;;;;;;;;;;;;;;;
;;;;;;Elanus caeruleus | Пепелява каничка;;;;;;;;;;;;;;;;;;;;;;;;;;;;;;;
;;;;;;Emberiza aureola;;;;;;;;;;;;;;;;;;;;;;;;;;;;;;;
;;;;;;Emberiza bruniceps;;;;;;;;;;;;;;;;;;;;;;;;;;;;;;;
;;;;;;Emberiza buchanani;;;;;;;;;;;;;;;;;;;;;;;;;;;;;;;
;;;;;;Emberiza caesia | Пепелява овесарка;;;;;;;;;;;;;;;;;;;;;;;;;;;;;;;
;;;;;;Emberiza cia | Сивоглава овесарка;;;;;;;;;;;;;;;;;;;;;;;;;;;;;;;
;;;;;;Emberiza cineracea;;;;;;;;;;;;;;;;;;;;;;;;;;;;;;;
;;;;;;Emberiza cirlus | Зеленогуша овесарка;;;;;;;;;;;;;;;;;;;;;;;;;;;;;;;
;;;;;;Emberiza citrinella | Жълта овесарка;;;;;;;;;;;;;;;;;;;;;;;;;;;;;;;
;;;;;;Emberiza hortulana | Градинска овесарка;;;;;;;;;;;;;;;;;;;;;;;;;;;;;;;
;;;;;;Emberiza leucocephalos | Пепелява овесарка;;;;;;;;;;;;;;;;;;;;;;;;;;;;;;;
;;;;;;Emberiza melanocephala | Черноглава овесарка;;;;;;;;;;;;;;;;;;;;;;;;;;;;;;;
;;;;;;Emberiza pusilla | Малка овесарка;;;;;;;;;;;;;;;;;;;;;;;;;;;;;;;
;;;;;;Emberiza rustica | Белогуша овесарка;;;;;;;;;;;;;;;;;;;;;;;;;;;;;;;
;;;;;;Emberiza schoeniclus | Тръстикова овесарка;;;;;;;;;;;;;;;;;;;;;;;;;;;;;;;
;;;;;;Eremophila alpestris | Ушата чучулига;;;;;;;;;;;;;;;;;;;;;;;;;;;;;;;
;;;;;;Erithacus rubecula | Червеногръдка;;;;;;;;;;;;;;;;;;;;;;;;;;;;;;;
;;;;;;Estrilda astrild;;;;;;;;;;;;;;;;;;;;;;;;;;;;;;;
;;;;;;Falco biarmicus | Далматински сокол;;;;;;;;;;;;;;;;;;;;;;;;;;;;;;;
;;;;;;Falco cherrug | Ловен сокол;;;;;;;;;;;;;;;;;;;;;;;;;;;;;;;
;;;;;;Falco columbarius | Малък сокол;;;;;;;;;;;;;;;;;;;;;;;;;;;;;;;
;;;;;;Falco eleonorae | Средиземноморски сокол;;;;;;;;;;;;;;;;;;;;;;;;;;;;;;;
;;;;;;Falco naumanni | Белошипа ветрушка;;;;;;;;;;;;;;;;;;;;;;;;;;;;;;;
;;;;;;Falco pelegrinoides | Ръждивоглав сокол;;;;;;;;;;;;;;;;;;;;;;;;;;;;;;;
;;;;;;Falco peregrinus | Сокол скитник;;;;;;;;;;;;;;;;;;;;;;;;;;;;;;;
;;;;;;Falco rusticolus | Северен сокол;;;;;;;;;;;;;;;;;;;;;;;;;;;;;;;
;;;;;;Falco subbuteo | Орко;;;;;;;;;;;;;;;;;;;;;;;;;;;;;;;
;;;;;;Falco tinnunculus | Черношипа ветрушка;;;;;;;;;;;;;;;;;;;;;;;;;;;;;;;
;;;;;;Falco vespertinus | Вечерна ветрушка;;;;;;;;;;;;;;;;;;;;;;;;;;;;;;;
;;;;;;Ficedula albicollis | Беловрата мухоловка;;;;;;;;;;;;;;;;;;;;;;;;;;;;;;;
;;;;;;Ficedula hypoleuca | Жалобна мухоловка;;;;;;;;;;;;;;;;;;;;;;;;;;;;;;;
;;;;;;Ficedula parva | Червеногуша мухоловка;;;;;;;;;;;;;;;;;;;;;;;;;;;;;;;
;;;;;;Ficedula semitorquata | Полубеловрата мухоловка;;;;;;;;;;;;;;;;;;;;;;;;;;;;;;;
;;;;;;Francolinus francolinus;;;;;;;;;;;;;;;;;;;;;;;;;;;;;;;
;;;;;;Fratercula arctica | Тъпоклюна кайра;;;;;;;;;;;;;;;;;;;;;;;;;;;;;;;
;;;;;;Fringilla coelebs | Обикновена чинка;;;;;;;;;;;;;;;;;;;;;;;;;;;;;;;
;;;;;;Fringilla montifringilla | Планинска чинка;;;;;;;;;;;;;;;;;;;;;;;;;;;;;;;
;;;;;;Fringilla teydea;;;;;;;;;;;;;;;;;;;;;;;;;;;;;;;
;;;;;;Fulica atra | Лиска;;;;;;;;;;;;;;;;;;;;;;;;;;;;;;;
;;;;;;Fulica cristata;;;;;;;;;;;;;;;;;;;;;;;;;;;;;;;
;;;;;;Fulmarus glacialis | Фулмар;;;;;;;;;;;;;;;;;;;;;;;;;;;;;;;
;;;;;;Galerida cristata | Качулата чучулига;;;;;;;;;;;;;;;;;;;;;;;;;;;;;;;
;;;;;;Galerida malabarica;;;;;;;;;;;;;;;;;;;;;;;;;;;;;;;
;;;;;;Galerida theklae | Текла;;;;;;;;;;;;;;;;;;;;;;;;;;;;;;;
;;;;;;Gallinago gallinago | Средна бекасина;;;;;;;;;;;;;;;;;;;;;;;;;;;;;;;
;;;;;;Gallinago media | Голяма бекасина;;;;;;;;;;;;;;;;;;;;;;;;;;;;;;;
;;;;;;Gallinago stenura;;;;;;;;;;;;;;;;;;;;;;;;;;;;;;;
;;;;;;Gallinula chloropus | Зеленоножка;;;;;;;;;;;;;;;;;;;;;;;;;;;;;;;
;;;;;;Garrulus glandarius | Сойка;;;;;;;;;;;;;;;;;;;;;;;;;;;;;;;
;;;;;;Gavia adamsii | Жълтоклюн гмуркач;;;;;;;;;;;;;;;;;;;;;;;;;;;;;;;
;;;;;;Gavia arctica | Черногуш гмуркач;;;;;;;;;;;;;;;;;;;;;;;;;;;;;;;
;;;;;;Gavia immer | Черноклюн гмуркач;;;;;;;;;;;;;;;;;;;;;;;;;;;;;;;
;;;;;;Gavia stellata | Червеногуш гмуркач;;;;;;;;;;;;;;;;;;;;;;;;;;;;;;;
;;;;;;Gelochelidon nilotica | Дебелоклюна рибарка;;;;;;;;;;;;;;;;;;;;;;;;;;;;;;;
;;;;;;Geronticus eremita | Плешив ибис;;;;;;;;;;;;;;;;;;;;;;;;;;;;;;;
;;;;;;Glareola nordmanni | Чернокрил огърличник;;;;;;;;;;;;;;;;;;;;;;;;;;;;;;;
;;;;;;Glareola pratincola | Кафявокрил огърличник;;;;;;;;;;;;;;;;;;;;;;;;;;;;;;;
;;;;;;Glaucidium passerinum | Врабчова кукумявка;;;;;;;;;;;;;;;;;;;;;;;;;;;;;;;
;;;;;;Grus grus | Сив жерав;;;;;;;;;;;;;;;;;;;;;;;;;;;;;;;
;;;;;;Gypaetus barbatus | Брадат лешояд;;;;;;;;;;;;;;;;;;;;;;;;;;;;;;;
;;;;;;Gyps fulvus | Белоглав лешояд;;;;;;;;;;;;;;;;;;;;;;;;;;;;;;;
;;;;;;Haematopus moquini;;;;;;;;;;;;;;;;;;;;;;;;;;;;;;;
;;;;;;Haematopus ostralegus | Стридояд;;;;;;;;;;;;;;;;;;;;;;;;;;;;;;;
;;;;;;Halcyon smyrnensis | Белогърдо земеродно рибарче;;;;;;;;;;;;;;;;;;;;;;;;;;;;;;;
;;;;;;Haliaeetus albicilla | Морски орел;;;;;;;;;;;;;;;;;;;;;;;;;;;;;;;
;;;;;;Hieraaetus fasciatus | Ястребов орел;;;;;;;;;;;;;;;;;;;;;;;;;;;;;;;
;;;;;;Hieraaetus pennatus | Малък орел;;;;;;;;;;;;;;;;;;;;;;;;;;;;;;;
;;;;;;Himantopus himantopus | Кокилобегач;;;;;;;;;;;;;;;;;;;;;;;;;;;;;;;
;;;;;;Iduna caligata | Малък присмехулник;;;;;;;;;;;;;;;;;;;;;;;;;;;;;;;
;;;;;;Hippolais icterina | Градински присмехулник;;;;;;;;;;;;;;;;;;;;;;;;;;;;;;;
;;;;;;Hippolais languida | Пустинен присмехулник;;;;;;;;;;;;;;;;;;;;;;;;;;;;;;;
;;;;;;Hippolais olivetorum | Голям маслинов присмехулник;;;;;;;;;;;;;;;;;;;;;;;;;;;;;;;
;;;;;;Hippolais pallida | Малък маслинов присмехулник;;;;;;;;;;;;;;;;;;;;;;;;;;;;;;;
;;;;;;Hippolais polyglotta | Бъбрив присмехулник;;;;;;;;;;;;;;;;;;;;;;;;;;;;;;;
;;;;;;Hirundo daurica | Червенокръста лястовица;;;;;;;;;;;;;;;;;;;;;;;;;;;;;;;
;;;;;;Hirundo rustica | Селска лястовица;;;;;;;;;;;;;;;;;;;;;;;;;;;;;;;
;;;;;;Histrionicus histrionicus;;;;;;;;;;;;;;;;;;;;;;;;;;;;;;;
;;;;;;Hoplopterus indicus;;;;;;;;;;;;;;;;;;;;;;;;;;;;;;;
;;;;;;Hoplopterus spinosus | Шипокрила калугерица;;;;;;;;;;;;;;;;;;;;;;;;;;;;;;;
;;;;;;Hydrobates pelagicus | Европейска вълнолюбка;;;;;;;;;;;;;;;;;;;;;;;;;;;;;;;
;;;;;;Irania gutturalis;;;;;;;;;;;;;;;;;;;;;;;;;;;;;;;
;;;;;;Ixobrychus minutus | Малък воден бик;;;;;;;;;;;;;;;;;;;;;;;;;;;;;;;
;;;;;;Jynx torquilla | Въртошийка;;;;;;;;;;;;;;;;;;;;;;;;;;;;;;;
;;;;;;Ketupa zeylonensis;;;;;;;;;;;;;;;;;;;;;;;;;;;;;;;
;;;;;;Lagopus lagopus;;;;;;;;;;;;;;;;;;;;;;;;;;;;;;;
;;;;;;Lagopus mutus;;;;;;;;;;;;;;;;;;;;;;;;;;;;;;;
;;;;;;Lanius collurio | Червеногърба сврачка;;;;;;;;;;;;;;;;;;;;;;;;;;;;;;;
;;;;;;Lanius excubitor | Сива сврачка;;;;;;;;;;;;;;;;;;;;;;;;;;;;;;;
;;;;;;Lanius minor | Черночела сврачка;;;;;;;;;;;;;;;;;;;;;;;;;;;;;;;
;;;;;;Lanius nubicus | Белочела сврачка;;;;;;;;;;;;;;;;;;;;;;;;;;;;;;;
;;;;;;Lanius senator | Червеноглава сврачка;;;;;;;;;;;;;;;;;;;;;;;;;;;;;;;
;;;;;;Larus argentatus | Сребриста чайка;;;;;;;;;;;;;;;;;;;;;;;;;;;;;;;
;;;;;;Larus armenicus | Арменска чайка;;;;;;;;;;;;;;;;;;;;;;;;;;;;;;;
;;;;;;Larus audouinii | Средиземноморската чайка;;;;;;;;;;;;;;;;;;;;;;;;;;;;;;;
;;;;;;Larus michahellis | Жълтокрака чайка;;;;;;;;;;;;;;;;;;;;;;;;;;;;;;;
;;;;;;Larus canus | Чайка буревестница;;;;;;;;;;;;;;;;;;;;;;;;;;;;;;;
;;;;;;Larus delawarensis | Пръстенчатоклюна чайка;;;;;;;;;;;;;;;;;;;;;;;;;;;;;;;
;;;;;;Larus fuscus | Малката черногърба чайка;;;;;;;;;;;;;;;;;;;;;;;;;;;;;;;
;;;;;;Larus genei | Дългоклюна чайка;;;;;;;;;;;;;;;;;;;;;;;;;;;;;;;
;;;;;;Larus glaucoides | Малка белокрила чайка;;;;;;;;;;;;;;;;;;;;;;;;;;;;;;;
;;;;;;Larus hyperboreus | Голяма белокрила чайка;;;;;;;;;;;;;;;;;;;;;;;;;;;;;;;
;;;;;;Larus ichthyaetus | Голяма черноглава чайка;;;;;;;;;;;;;;;;;;;;;;;;;;;;;;;
;;;;;;Larus marinus | Голяма черногърба чайка;;;;;;;;;;;;;;;;;;;;;;;;;;;;;;;
;;;;;;Larus melanocephalus | Малката черноглава чайка;;;;;;;;;;;;;;;;;;;;;;;;;;;;;;;
;;;;;;Larus minutus | Малка чайка;;;;;;;;;;;;;;;;;;;;;;;;;;;;;;;
;;;;;;Larus relictus | Реликтна чайка;;;;;;;;;;;;;;;;;;;;;;;;;;;;;;;
;;;;;;Larus ridibundus | Речна чайка;;;;;;;;;;;;;;;;;;;;;;;;;;;;;;;
;;;;;;Larus sabini | Вилоопашата чайка;;;;;;;;;;;;;;;;;;;;;;;;;;;;;;;
;;;;;;Limicola falcinellus | Блатобегач;;;;;;;;;;;;;;;;;;;;;;;;;;;;;;;
;;;;;;Limnodromus scolopaceus | Берингов вретенач;;;;;;;;;;;;;;;;;;;;;;;;;;;;;;;
;;;;;;Limosa lapponica | Пъстроопашат крайбрежен бекас;;;;;;;;;;;;;;;;;;;;;;;;;;;;;;;
;;;;;;Limosa limosa | Черноопашат крайбрежен бекас;;;;;;;;;;;;;;;;;;;;;;;;;;;;;;;
;;;;;;Locustella fluviatilis | Речен цвъркач;;;;;;;;;;;;;;;;;;;;;;;;;;;;;;;
;;;;;;Locustella lanceolata;;;;;;;;;;;;;;;;;;;;;;;;;;;;;;;
;;;;;;Locustella luscinioides | Тръстиков цвъркач;;;;;;;;;;;;;;;;;;;;;;;;;;;;;;;
;;;;;;Locustella naevia | Полски цвъркач;;;;;;;;;;;;;;;;;;;;;;;;;;;;;;;
;;;;;;Loxia curvirostra | Обикновена кръсточовка;;;;;;;;;;;;;;;;;;;;;;;;;;;;;;;
;;;;;;Loxia leucoptera | Белокрила кръсточовка;;;;;;;;;;;;;;;;;;;;;;;;;;;;;;;
;;;;;;Loxia pytyopsittacus | Дебелоклюна кръсточовка;;;;;;;;;;;;;;;;;;;;;;;;;;;;;;;
;;;;;;Loxia scotica;;;;;;;;;;;;;;;;;;;;;;;;;;;;;;;
;;;;;;Lullula arborea | Горска чучулига;;;;;;;;;;;;;;;;;;;;;;;;;;;;;;;
;;;;;;Luscinia calliope;;;;;;;;;;;;;;;;;;;;;;;;;;;;;;;
;;;;;;Luscinia luscinia | Северен славей;;;;;;;;;;;;;;;;;;;;;;;;;;;;;;;
;;;;;;Luscinia megarhynchos | Южен славей;;;;;;;;;;;;;;;;;;;;;;;;;;;;;;;
;;;;;;Luscinia svecica | Синьогушка;;;;;;;;;;;;;;;;;;;;;;;;;;;;;;;
;;;;;;Lymnocryptes minimus | Малка бикасина;;;;;;;;;;;;;;;;;;;;;;;;;;;;;;;
;;;;;;Marmaronetta angustirostris | Мраморна патица;;;;;;;;;;;;;;;;;;;;;;;;;;;;;;;
;;;;;;Melanitta fusca | Кадифена потапница;;;;;;;;;;;;;;;;;;;;;;;;;;;;;;;
;;;;;;Melanitta nigra | Траурна потапница;;;;;;;;;;;;;;;;;;;;;;;;;;;;;;;
;;;;;;Melanocorypha bimaculata;;;;;;;;;;;;;;;;;;;;;;;;;;;;;;;
;;;;;;Melanocorypha calandra | Дебелоклюна чучулига;;;;;;;;;;;;;;;;;;;;;;;;;;;;;;;
;;;;;;Melanocorypha leucoptera | Белокрила чучулига;;;;;;;;;;;;;;;;;;;;;;;;;;;;;;;
;;;;;;Melanocorypha yeltoniensis | Черна чучулига;;;;;;;;;;;;;;;;;;;;;;;;;;;;;;;
;;;;;;Meleagris gallopavo;;;;;;;;;;;;;;;;;;;;;;;;;;;;;;;
;;;;;;Mergus albellus | Малък нирец;;;;;;;;;;;;;;;;;;;;;;;;;;;;;;;
;;;;;;Mergus cucullatus;;;;;;;;;;;;;;;;;;;;;;;;;;;;;;;
;;;;;;Mergus merganser | Голям нирец;;;;;;;;;;;;;;;;;;;;;;;;;;;;;;;
;;;;;;Mergus serrator | Среден нирец;;;;;;;;;;;;;;;;;;;;;;;;;;;;;;;
;;;;;;Merops apiaster | Обикновен пчелояд;;;;;;;;;;;;;;;;;;;;;;;;;;;;;;;
;;;;;;Merops superciliosus | Зелен пчелояд;;;;;;;;;;;;;;;;;;;;;;;;;;;;;;;
;;;;;;Miliaria calandra | Сива овесарка;;;;;;;;;;;;;;;;;;;;;;;;;;;;;;;
;;;;;;Milvus migrans | Черна каня;;;;;;;;;;;;;;;;;;;;;;;;;;;;;;;
;;;;;;Milvus milvus | Червена каня;;;;;;;;;;;;;;;;;;;;;;;;;;;;;;;
;;;;;;Monticola saxatilis | Пъстър скален дрозд;;;;;;;;;;;;;;;;;;;;;;;;;;;;;;;
;;;;;;Monticola solitarius | Син скален дрозд;;;;;;;;;;;;;;;;;;;;;;;;;;;;;;;
;;;;;;Montifringilla nivalis | Снежно врабче;;;;;;;;;;;;;;;;;;;;;;;;;;;;;;;
;;;;;;Morus bassanus | Бял рибояд;;;;;;;;;;;;;;;;;;;;;;;;;;;;;;;
;;;;;;Motacilla alba | Бяла стърчиопашка;;;;;;;;;;;;;;;;;;;;;;;;;;;;;;;
;;;;;;Motacilla cinerea | Планинска стърчиопашка;;;;;;;;;;;;;;;;;;;;;;;;;;;;;;;
;;;;;;Motacilla citreola | Жълтоглава стърчиопашка;;;;;;;;;;;;;;;;;;;;;;;;;;;;;;;
;;;;;;Motacilla finere;;;;;;;;;;;;;;;;;;;;;;;;;;;;;;;
;;;;;;Motacilla flava | Жълта стърчиопашка;;;;;;;;;;;;;;;;;;;;;;;;;;;;;;;
;;;;;;Muscicapa daurrica;;;;;;;;;;;;;;;;;;;;;;;;;;;;;;;
;;;;;;Muscicapa striata | Сива мухоловка;;;;;;;;;;;;;;;;;;;;;;;;;;;;;;;
;;;;;;Myiopsitta monachus;;;;;;;;;;;;;;;;;;;;;;;;;;;;;;;
;;;;;;Neophron percnopterus | Египетски лешояд;;;;;;;;;;;;;;;;;;;;;;;;;;;;;;;
;;;;;;Netta rufina | Червеноклюна потапница;;;;;;;;;;;;;;;;;;;;;;;;;;;;;;;
;;;;;;Nucifraga caryocatactes | Сокерица;;;;;;;;;;;;;;;;;;;;;;;;;;;;;;;
;;;;;;Numenius arquata | Голям свирец;;;;;;;;;;;;;;;;;;;;;;;;;;;;;;;
;;;;;;Numenius phaeopus | Малък свирец;;;;;;;;;;;;;;;;;;;;;;;;;;;;;;;
;;;;;;Numenius tenuirostris | Тънкоклюн свирец;;;;;;;;;;;;;;;;;;;;;;;;;;;;;;;
;;;;;;Nyctea scandiaca;;;;;;;;;;;;;;;;;;;;;;;;;;;;;;;
;;;;;;Nycticorax nycticorax | Нощна чапла;;;;;;;;;;;;;;;;;;;;;;;;;;;;;;;
;;;;;;Oceanodroma castro;;;;;;;;;;;;;;;;;;;;;;;;;;;;;;;
;;;;;;Oceanodroma leucorhoa;;;;;;;;;;;;;;;;;;;;;;;;;;;;;;;
;;;;;;Oenanthe cypriaca;;;;;;;;;;;;;;;;;;;;;;;;;;;;;;;
;;;;;;Oenanthe deserti;;;;;;;;;;;;;;;;;;;;;;;;;;;;;;;
;;;;;;Oenanthe finschii;;;;;;;;;;;;;;;;;;;;;;;;;;;;;;;
;;;;;;Oenanthe hispanica | Испанско каменарче;;;;;;;;;;;;;;;;;;;;;;;;;;;;;;;
;;;;;;Oenanthe isabellina | Ориенталско каменарче;;;;;;;;;;;;;;;;;;;;;;;;;;;;;;;
;;;;;;Oenanthe leucopyga;;;;;;;;;;;;;;;;;;;;;;;;;;;;;;;
;;;;;;Oenanthe leucura;;;;;;;;;;;;;;;;;;;;;;;;;;;;;;;
;;;;;;Oenanthe oenanthe | Сиво каменарче;;;;;;;;;;;;;;;;;;;;;;;;;;;;;;;
;;;;;;Oenanthe pleschanka | Черногърбо каменарче;;;;;;;;;;;;;;;;;;;;;;;;;;;;;;;
;;;;;;Oenanthe xanthoprymna;;;;;;;;;;;;;;;;;;;;;;;;;;;;;;;
;;;;;;Oriolus oriolus | Авлига;;;;;;;;;;;;;;;;;;;;;;;;;;;;;;;
;;;;;;Otis tarda | Голяма дропла;;;;;;;;;;;;;;;;;;;;;;;;;;;;;;;
;;;;;;Otus brucei;;;;;;;;;;;;;;;;;;;;;;;;;;;;;;;
;;;;;;Otus scops | Чухал;;;;;;;;;;;;;;;;;;;;;;;;;;;;;;;
;;;;;;Oxyura jamaicensis;;;;;;;;;;;;;;;;;;;;;;;;;;;;;;;
;;;;;;Oxyura leucocephala | Тръноопашата потапница;;;;;;;;;;;;;;;;;;;;;;;;;;;;;;;
;;;;;;Pagophila eburnea;;;;;;;;;;;;;;;;;;;;;;;;;;;;;;;
;;;;;;Pandion haliaetus | Орел рибар;;;;;;;;;;;;;;;;;;;;;;;;;;;;;;;
;;;;;;Panurus biarmicus | Мустакато тръстикарче;;;;;;;;;;;;;;;;;;;;;;;;;;;;;;;
;;;;;;Parus ater | Черен синигер;;;;;;;;;;;;;;;;;;;;;;;;;;;;;;;
;;;;;;Parus caeruleus | Син синигер;;;;;;;;;;;;;;;;;;;;;;;;;;;;;;;
;;;;;;Parus cinctus;;;;;;;;;;;;;;;;;;;;;;;;;;;;;;;
;;;;;;Parus cristatus | Качулат синигер;;;;;;;;;;;;;;;;;;;;;;;;;;;;;;;
;;;;;;Parus cyanus;;;;;;;;;;;;;;;;;;;;;;;;;;;;;;;
;;;;;;Parus lugubris | Жалобен синигер;;;;;;;;;;;;;;;;;;;;;;;;;;;;;;;
;;;;;;Parus major | Голям синигер;;;;;;;;;;;;;;;;;;;;;;;;;;;;;;;
;;;;;;Parus montanus | Матовоглав синигер;;;;;;;;;;;;;;;;;;;;;;;;;;;;;;;
;;;;;;Parus palustris | Лъскавоглав синигер;;;;;;;;;;;;;;;;;;;;;;;;;;;;;;;
;;;;;;Passer domesticus | Домашно врабче;;;;;;;;;;;;;;;;;;;;;;;;;;;;;;;
;;;;;;Passer hispaniolensis | Испанско врабче;;;;;;;;;;;;;;;;;;;;;;;;;;;;;;;
;;;;;;Passer moabiticus;;;;;;;;;;;;;;;;;;;;;;;;;;;;;;;
;;;;;;Passer montanus | Полско врабче;;;;;;;;;;;;;;;;;;;;;;;;;;;;;;;
;;;;;;Pelagodroma marina;;;;;;;;;;;;;;;;;;;;;;;;;;;;;;;
;;;;;;Pelecanus crispus | Къдроглав пеликан;;;;;;;;;;;;;;;;;;;;;;;;;;;;;;;
;;;;;;Pelecanus onocrotalus | Розов пеликан;;;;;;;;;;;;;;;;;;;;;;;;;;;;;;;
;;;;;;Perdix hodgsoniae;;;;;;;;;;;;;;;;;;;;;;;;;;;;;;;
;;;;;;Perdix perdix | Яребица;;;;;;;;;;;;;;;;;;;;;;;;;;;;;;;
;;;;;;Perisoreus infaustus;;;;;;;;;;;;;;;;;;;;;;;;;;;;;;;
;;;;;;Pernis apivorus | Осояд;;;;;;;;;;;;;;;;;;;;;;;;;;;;;;;
;;;;;;Petronia petronia | Скално врабче;;;;;;;;;;;;;;;;;;;;;;;;;;;;;;;
;;;;;;Petronia xanthocollis;;;;;;;;;;;;;;;;;;;;;;;;;;;;;;;
;;;;;;Phalacrocorax aristotelis | Качулат корморан;;;;;;;;;;;;;;;;;;;;;;;;;;;;;;;
;;;;;;Phalacrocorax carbo | Голям корморан;;;;;;;;;;;;;;;;;;;;;;;;;;;;;;;
;;;;;;Phalacrocorax pygmaeus | Малък корморан;;;;;;;;;;;;;;;;;;;;;;;;;;;;;;;
;;;;;;Phalaropus fulicarius | Плоскоклюн листоног;;;;;;;;;;;;;;;;;;;;;;;;;;;;;;;
;;;;;;Phalaropus lobatus | Тънкоклюн листоног;;;;;;;;;;;;;;;;;;;;;;;;;;;;;;;
;;;;;;Phalaropus tricolor;;;;;;;;;;;;;;;;;;;;;;;;;;;;;;;
;;;;;;Phasianus colchicus | Фазан;;;;;;;;;;;;;;;;;;;;;;;;;;;;;;;
;;;;;;Philomachus pugnax | Бойник;;;;;;;;;;;;;;;;;;;;;;;;;;;;;;;
;;;;;;Phoenicopterus ruber | Розово фламинго;;;;;;;;;;;;;;;;;;;;;;;;;;;;;;;
;;;;;;Phoenicurus erythrogaster;;;;;;;;;;;;;;;;;;;;;;;;;;;;;;;
;;;;;;Phoenicurus ochruros | Домашна червеноопашка;;;;;;;;;;;;;;;;;;;;;;;;;;;;;;;
;;;;;;Phoenicurus phoenicurus | Градинска червеноопашка;;;;;;;;;;;;;;;;;;;;;;;;;;;;;;;
;;;;;;Phoenicurus torquata;;;;;;;;;;;;;;;;;;;;;;;;;;;;;;;
;;;;;;Phylloscopus orientalis | Източен планински певец;;;;;;;;;;;;;;;;;;;;;;;;;;;;;;;
;;;;;;Phylloscopus borealis | Северен певец;;;;;;;;;;;;;;;;;;;;;;;;;;;;;;;
;;;;;;Phylloscopus collybita | Елов певец;;;;;;;;;;;;;;;;;;;;;;;;;;;;;;;
;;;;;;Phylloscopus inornatus | Жълтовежд певец;;;;;;;;;;;;;;;;;;;;;;;;;;;;;;;
;;;;;;Phylloscopus lorenzii;;;;;;;;;;;;;;;;;;;;;;;;;;;;;;;
;;;;;;Phylloscopus neglectus;;;;;;;;;;;;;;;;;;;;;;;;;;;;;;;
;;;;;;Phylloscopus nitidus;;;;;;;;;;;;;;;;;;;;;;;;;;;;;;;
;;;;;;Phylloscopus proregulus | Кралчев певец;;;;;;;;;;;;;;;;;;;;;;;;;;;;;;;
;;;;;;Phylloscopus sibilatrix | Буков певец;;;;;;;;;;;;;;;;;;;;;;;;;;;;;;;
;;;;;;Phylloscopus sindianus;;;;;;;;;;;;;;;;;;;;;;;;;;;;;;;
;;;;;;Phylloscopus spp. | Неопределени певци;;;;;;;;;;;;;;;;;;;;;;;;;;;;;;;
;;;;;;Phylloscopus trochiloides | Зеленикав певец;;;;;;;;;;;;;;;;;;;;;;;;;;;;;;;
;;;;;;Phylloscopus trochilus | Брезов певец;;;;;;;;;;;;;;;;;;;;;;;;;;;;;;;
;;;;;;Pica pica | Сврака;;;;;;;;;;;;;;;;;;;;;;;;;;;;;;;
;;;;;;Picoides tridactylus | Трипръст кълвач;;;;;;;;;;;;;;;;;;;;;;;;;;;;;;;
;;;;;;Picus canus | Сив кълвач;;;;;;;;;;;;;;;;;;;;;;;;;;;;;;;
;;;;;;Picus viridis | Зелен кълвач;;;;;;;;;;;;;;;;;;;;;;;;;;;;;;;
;;;;;;Pinicola enucleator;;;;;;;;;;;;;;;;;;;;;;;;;;;;;;;
;;;;;;Platalea leucorodia | Бяла лопатарка;;;;;;;;;;;;;;;;;;;;;;;;;;;;;;;
;;;;;;Plectrophenax nivalis | Сежна овесарка;;;;;;;;;;;;;;;;;;;;;;;;;;;;;;;
;;;;;;Plegadis falcinellus | Блестящ ибис;;;;;;;;;;;;;;;;;;;;;;;;;;;;;;;
;;;;;;Pluvialis apricaria | Златиста булка;;;;;;;;;;;;;;;;;;;;;;;;;;;;;;;
;;;;;;Pluvialis squatarola | Сребриста булка;;;;;;;;;;;;;;;;;;;;;;;;;;;;;;;
;;;;;;Podiceps auritus | Ушат гмурец;;;;;;;;;;;;;;;;;;;;;;;;;;;;;;;
;;;;;;Podiceps cristatus | Голям гмурец;;;;;;;;;;;;;;;;;;;;;;;;;;;;;;;
;;;;;;Podiceps grisegena | Червеноврат гмурец;;;;;;;;;;;;;;;;;;;;;;;;;;;;;;;
;;;;;;Podiceps nigricollis | Черноврат гмурец;;;;;;;;;;;;;;;;;;;;;;;;;;;;;;;
;;;;;;Polysticta stelleri;;;;;;;;;;;;;;;;;;;;;;;;;;;;;;;
;;;;;;Porphyrio porphyrio;;;;;;;;;;;;;;;;;;;;;;;;;;;;;;;
;;;;;;Porzana parva | Средна пъструшка;;;;;;;;;;;;;;;;;;;;;;;;;;;;;;;
;;;;;;Porzana porzana | Голяма пъструшка;;;;;;;;;;;;;;;;;;;;;;;;;;;;;;;
;;;;;;Porzana pusilla | Малка пъструшка;;;;;;;;;;;;;;;;;;;;;;;;;;;;;;;
;;;;;;Porzana spp. | Неопределена пъструшка;;;;;;;;;;;;;;;;;;;;;;;;;;;;;;;
;;;;;;Prinia gracilis;;;;;;;;;;;;;;;;;;;;;;;;;;;;;;;
;;;;;;Prunella atrogularis;;;;;;;;;;;;;;;;;;;;;;;;;;;;;;;
;;;;;;Prunella collaris | Пъстрогуша завирушка;;;;;;;;;;;;;;;;;;;;;;;;;;;;;;;
;;;;;;Prunella modularis | Сивогуша завирушка;;;;;;;;;;;;;;;;;;;;;;;;;;;;;;;
;;;;;;Prunella montanella;;;;;;;;;;;;;;;;;;;;;;;;;;;;;;;
;;;;;;Prunella ocularis;;;;;;;;;;;;;;;;;;;;;;;;;;;;;;;
;;;;;;Pterocles alchata;;;;;;;;;;;;;;;;;;;;;;;;;;;;;;;
;;;;;;Pterocles orientalis;;;;;;;;;;;;;;;;;;;;;;;;;;;;;;;
;;;;;;Pterodroma feae;;;;;;;;;;;;;;;;;;;;;;;;;;;;;;;
;;;;;;Pterodroma madeira;;;;;;;;;;;;;;;;;;;;;;;;;;;;;;;
;;;;;;Pterodroma mollis;;;;;;;;;;;;;;;;;;;;;;;;;;;;;;;
;;;;;;Ptyonoprogne rupestris | Скална лястовица;;;;;;;;;;;;;;;;;;;;;;;;;;;;;;;
;;;;;;Puffinus assimilis;;;;;;;;;;;;;;;;;;;;;;;;;;;;;;;
;;;;;;Puffinus gravis;;;;;;;;;;;;;;;;;;;;;;;;;;;;;;;
;;;;;;Puffinus griseus;;;;;;;;;;;;;;;;;;;;;;;;;;;;;;;
;;;;;;Puffinus mauretanicus;;;;;;;;;;;;;;;;;;;;;;;;;;;;;;;
;;;;;;Puffinus puffinus | Обикновен буревестник;;;;;;;;;;;;;;;;;;;;;;;;;;;;;;;
;;;;;;Puffinus yelkouan | Средиземноморски буревестник;;;;;;;;;;;;;;;;;;;;;;;;;;;;;;;
;;;;;;Pycnonotus barbatus;;;;;;;;;;;;;;;;;;;;;;;;;;;;;;;
;;;;;;Pycnonotus xanthopygos;;;;;;;;;;;;;;;;;;;;;;;;;;;;;;;
;;;;;;Pyrrhocorax graculus | Жълтоклюна гарга;;;;;;;;;;;;;;;;;;;;;;;;;;;;;;;
;;;;;;Pyrrhocorax pyrrhocorax | Червеноклюна гарга;;;;;;;;;;;;;;;;;;;;;;;;;;;;;;;
;;;;;;Pyrrhula murina;;;;;;;;;;;;;;;;;;;;;;;;;;;;;;;
;;;;;;Pyrrhula pyrrhula | Червенушка;;;;;;;;;;;;;;;;;;;;;;;;;;;;;;;
;;;;;;Rallus aquaticus | Воден дърдавец;;;;;;;;;;;;;;;;;;;;;;;;;;;;;;;
;;;;;;Recurvirostra avosetta | Саблеклюн;;;;;;;;;;;;;;;;;;;;;;;;;;;;;;;
;;;;;;Regulus ignicapillus | Червеноглаво кралче;;;;;;;;;;;;;;;;;;;;;;;;;;;;;;;
;;;;;;Regulus regulus | Жълтоглаво кралче;;;;;;;;;;;;;;;;;;;;;;;;;;;;;;;
;;;;;;Regulus teneriffae;;;;;;;;;;;;;;;;;;;;;;;;;;;;;;;
;;;;;;Remiz pendulinus | Торбогнезден синигер;;;;;;;;;;;;;;;;;;;;;;;;;;;;;;;
;;;;;;Rhodopechys sanguinea;;;;;;;;;;;;;;;;;;;;;;;;;;;;;;;
;;;;;;Rhodospiza obsoleta;;;;;;;;;;;;;;;;;;;;;;;;;;;;;;;
;;;;;;Rhodostethia rosea;;;;;;;;;;;;;;;;;;;;;;;;;;;;;;;
;;;;;;Riparia riparia | Брегова лястовица;;;;;;;;;;;;;;;;;;;;;;;;;;;;;;;
;;;;;;Rissa tridactyla | Трипръста чайка;;;;;;;;;;;;;;;;;;;;;;;;;;;;;;;
;;;;;;Saxicola dacotiae;;;;;;;;;;;;;;;;;;;;;;;;;;;;;;;
;;;;;;Saxicola maurus | Сибирско ливадарче;;;;;;;;;;;;;;;;;;;;;;;;;;;;;;;
;;;;;;Saxicola rubetra | Ръждивогушо ливадарче;;;;;;;;;;;;;;;;;;;;;;;;;;;;;;;
;;;;;;Saxicola torquata | Черногушо ливадарче;;;;;;;;;;;;;;;;;;;;;;;;;;;;;;;
;;;;;;Scolopax rusticola | Горски бекас;;;;;;;;;;;;;;;;;;;;;;;;;;;;;;;
;;;;;;Serinus canaria;;;;;;;;;;;;;;;;;;;;;;;;;;;;;;;
;;;;;;Serinus citrinella;;;;;;;;;;;;;;;;;;;;;;;;;;;;;;;
;;;;;;Serinus pusillus;;;;;;;;;;;;;;;;;;;;;;;;;;;;;;;
;;;;;;Serinus serinus | Диво канарче;;;;;;;;;;;;;;;;;;;;;;;;;;;;;;;
;;;;;;Sitta europaea | Горска зидарка;;;;;;;;;;;;;;;;;;;;;;;;;;;;;;;
;;;;;;Sitta krueperi;;;;;;;;;;;;;;;;;;;;;;;;;;;;;;;
;;;;;;Sitta neumayer | Скална зидарка;;;;;;;;;;;;;;;;;;;;;;;;;;;;;;;
;;;;;;Sitta tephronota;;;;;;;;;;;;;;;;;;;;;;;;;;;;;;;
;;;;;;Sitta whiteheadi;;;;;;;;;;;;;;;;;;;;;;;;;;;;;;;
;;;;;;Somateria mollissima | Обикновена гага;;;;;;;;;;;;;;;;;;;;;;;;;;;;;;;
;;;;;;Somateria spectabilis;;;;;;;;;;;;;;;;;;;;;;;;;;;;;;;
;;;;;;Stercorarius longicaudus | Дългоопашат морелетник;;;;;;;;;;;;;;;;;;;;;;;;;;;;;;;
;;;;;;Stercorarius parasiticus | Остроопашат морелетник;;;;;;;;;;;;;;;;;;;;;;;;;;;;;;;
;;;;;;Stercorarius pomarinus | Тъпоопашат морелетник;;;;;;;;;;;;;;;;;;;;;;;;;;;;;;;
;;;;;;Stercorarius skua | Голям морелетник;;;;;;;;;;;;;;;;;;;;;;;;;;;;;;;
;;;;;;Sterna albifrons | Белочела рибарка;;;;;;;;;;;;;;;;;;;;;;;;;;;;;;;
;;;;;;Sterna bengalensis;;;;;;;;;;;;;;;;;;;;;;;;;;;;;;;
;;;;;;Sterna caspia | Каспийска рибарка;;;;;;;;;;;;;;;;;;;;;;;;;;;;;;;
;;;;;;Sterna dougallii;;;;;;;;;;;;;;;;;;;;;;;;;;;;;;;
;;;;;;Sterna fuscata;;;;;;;;;;;;;;;;;;;;;;;;;;;;;;;
;;;;;;Sterna hirundo | Речна рибарка;;;;;;;;;;;;;;;;;;;;;;;;;;;;;;;
;;;;;;Sterna paradisaea;;;;;;;;;;;;;;;;;;;;;;;;;;;;;;;
;;;;;;Sterna sandvicensis | Гривеста рибарка;;;;;;;;;;;;;;;;;;;;;;;;;;;;;;;
;;;;;;Streptopelia decaocto | Гугутка;;;;;;;;;;;;;;;;;;;;;;;;;;;;;;;
;;;;;;Streptopelia orientalis;;;;;;;;;;;;;;;;;;;;;;;;;;;;;;;
;;;;;;Streptopelia roseogrisea;;;;;;;;;;;;;;;;;;;;;;;;;;;;;;;
;;;;;;Streptopelia senegalensis;;;;;;;;;;;;;;;;;;;;;;;;;;;;;;;
;;;;;;Streptopelia turtur | Гургулица;;;;;;;;;;;;;;;;;;;;;;;;;;;;;;;
;;;;;;Strix aluco | Горска улулица;;;;;;;;;;;;;;;;;;;;;;;;;;;;;;;
;;;;;;Strix nebulosa;;;;;;;;;;;;;;;;;;;;;;;;;;;;;;;
;;;;;;Strix uralensis | Уралска улулица;;;;;;;;;;;;;;;;;;;;;;;;;;;;;;;
;;;;;;Sturnus roseus | Розов скорец;;;;;;;;;;;;;;;;;;;;;;;;;;;;;;;
;;;;;;Sturnus unicolor;;;;;;;;;;;;;;;;;;;;;;;;;;;;;;;
;;;;;;Sturnus vulgaris | Обикновен скорец;;;;;;;;;;;;;;;;;;;;;;;;;;;;;;;
;;;;;;Surnia ulula;;;;;;;;;;;;;;;;;;;;;;;;;;;;;;;
;;;;;;Sylvia atricapilla | Голямо черноглаво коприварче;;;;;;;;;;;;;;;;;;;;;;;;;;;;;;;
;;;;;;Sylvia borin | Градинско коприварче;;;;;;;;;;;;;;;;;;;;;;;;;;;;;;;
;;;;;;Sylvia cantillans | Червеногушо коприварче;;;;;;;;;;;;;;;;;;;;;;;;;;;;;;;
;;;;;;Sylvia communis | Голямо белогушо коприварче;;;;;;;;;;;;;;;;;;;;;;;;;;;;;;;
;;;;;;Sylvia conspicillata;;;;;;;;;;;;;;;;;;;;;;;;;;;;;;;
;;;;;;Sylvia curruca | Малко белогушо коприварче;;;;;;;;;;;;;;;;;;;;;;;;;;;;;;;
;;;;;;Sylvia hortensis | Орфеево коприварче;;;;;;;;;;;;;;;;;;;;;;;;;;;;;;;
;;;;;;Sylvia melanocephala | Черноглаво коприварче;;;;;;;;;;;;;;;;;;;;;;;;;;;;;;;
;;;;;;Sylvia melanothorax;;;;;;;;;;;;;;;;;;;;;;;;;;;;;;;
;;;;;;Sylvia mystacea;;;;;;;;;;;;;;;;;;;;;;;;;;;;;;;
;;;;;;Sylvia nana | Азиатско пустинно коприварче;;;;;;;;;;;;;;;;;;;;;;;;;;;;;;;
;;;;;;Sylvia nisoria | Ястребогушо коприварче;;;;;;;;;;;;;;;;;;;;;;;;;;;;;;;
;;;;;;Sylvia rueppelli | Черногушо коприварче;;;;;;;;;;;;;;;;;;;;;;;;;;;;;;;
;;;;;;Sylvia sarda;;;;;;;;;;;;;;;;;;;;;;;;;;;;;;;
;;;;;;Sylvia undata;;;;;;;;;;;;;;;;;;;;;;;;;;;;;;;
;;;;;;Syrmaticus reevesii | Царски фазан;;;;;;;;;;;;;;;;;;;;;;;;;;;;;;;
;;;;;;Syrrhaptes paradoxus;;;;;;;;;;;;;;;;;;;;;;;;;;;;;;;
;;;;;;Tachybaptus ruficollis | Малък гмурец;;;;;;;;;;;;;;;;;;;;;;;;;;;;;;;
;;;;;;Tadorna ferruginea | Червен ангъч;;;;;;;;;;;;;;;;;;;;;;;;;;;;;;;
;;;;;;Tadorna tadorna | Бял ангъч;;;;;;;;;;;;;;;;;;;;;;;;;;;;;;;
;;;;;;Tarsiger cyanurus | Синьоопашка;;;;;;;;;;;;;;;;;;;;;;;;;;;;;;;
;;;;;;Tetrao mlokosiewiczi;;;;;;;;;;;;;;;;;;;;;;;;;;;;;;;
;;;;;;Tetrao tetrix | Тетрев;;;;;;;;;;;;;;;;;;;;;;;;;;;;;;;
;;;;;;Tetrao urogallus | Глухар;;;;;;;;;;;;;;;;;;;;;;;;;;;;;;;
;;;;;;Tetraogallus caspius;;;;;;;;;;;;;;;;;;;;;;;;;;;;;;;
;;;;;;Tetraogallus caucasicus;;;;;;;;;;;;;;;;;;;;;;;;;;;;;;;
;;;;;;Tetrax tetrax | Стрепет;;;;;;;;;;;;;;;;;;;;;;;;;;;;;;;
;;;;;;Tichodroma muraria | Скалолазка;;;;;;;;;;;;;;;;;;;;;;;;;;;;;;;
;;;;;;Tringa erythropus | Голям червенокрак водобегач;;;;;;;;;;;;;;;;;;;;;;;;;;;;;;;
;;;;;;Tringa flavipes;;;;;;;;;;;;;;;;;;;;;;;;;;;;;;;
;;;;;;Tringa glareola | Малък горски водобегач;;;;;;;;;;;;;;;;;;;;;;;;;;;;;;;
;;;;;;Tringa nebularia | Голям зеленокрак водобегач;;;;;;;;;;;;;;;;;;;;;;;;;;;;;;;
;;;;;;Tringa ochropus | Голям горски водобегач;;;;;;;;;;;;;;;;;;;;;;;;;;;;;;;
;;;;;;Tringa stagnatilis | Малък зеленоног водобегач;;;;;;;;;;;;;;;;;;;;;;;;;;;;;;;
;;;;;;Tringa totanus | Малък червенокрак водобегач;;;;;;;;;;;;;;;;;;;;;;;;;;;;;;;
;;;;;;Troglodytes troglodytes | Орехче;;;;;;;;;;;;;;;;;;;;;;;;;;;;;;;
;;;;;;Tryngites subruficollis | Ръждивогръд брегобегач;;;;;;;;;;;;;;;;;;;;;;;;;;;;;;;
;;;;;;Turdus iliacus | Беловежд дрозд;;;;;;;;;;;;;;;;;;;;;;;;;;;;;;;
;;;;;;Turdus merula | Кос;;;;;;;;;;;;;;;;;;;;;;;;;;;;;;;
;;;;;;Turdus philomelos | Поен дрозд;;;;;;;;;;;;;;;;;;;;;;;;;;;;;;;
;;;;;;Turdus pilaris | Хвойнов дрозд;;;;;;;;;;;;;;;;;;;;;;;;;;;;;;;
;;;;;;Turdus ruficollis;;;;;;;;;;;;;;;;;;;;;;;;;;;;;;;
;;;;;;Turdus torquatus | Белогуш дрозд;;;;;;;;;;;;;;;;;;;;;;;;;;;;;;;
;;;;;;Turdus viscivorus | Имелов дрозд;;;;;;;;;;;;;;;;;;;;;;;;;;;;;;;
;;;;;;Turnix sylvatica;;;;;;;;;;;;;;;;;;;;;;;;;;;;;;;
;;;;;;Tyto alba | Забулена сова;;;;;;;;;;;;;;;;;;;;;;;;;;;;;;;
;;;;;;Upupa epops | Папуняк;;;;;;;;;;;;;;;;;;;;;;;;;;;;;;;
;;;;;;Uria aalge | Тънкоклюна кайра;;;;;;;;;;;;;;;;;;;;;;;;;;;;;;;
;;;;;;Uria lomvia;;;;;;;;;;;;;;;;;;;;;;;;;;;;;;;
;;;;;;Vanellus vanellus | Обикновена калугерица;;;;;;;;;;;;;;;;;;;;;;;;;;;;;;;
;;;;;;Xenus cinereus | Пепеляв брегобегач;;;;;;;;;;;;;;;;;;;;;;;;;;;;;;;
;;;;;;Zoothera dauma;;;;;;;;;;;;;;;;;;;;;;;;;;;;;;;
;;;;;;Zoothera sibirica;;;;;;;;;;;;;;;;;;;;;;;;;;;;;;;
;;;;;;Anatinae | Патицоподобни;;;;;;;;;;;;;;;;;;;;;;;;;;;;;;;
;;;;;;Aythya sp. | Неопределена потапница;;;;;;;;;;;;;;;;;;;;;;;;;;;;;;;
;;;;;;Calidris sp. | Неопределен брегобегач;;;;;;;;;;;;;;;;;;;;;;;;;;;;;;;
;;;;;;Charadrii sp. | Неопределен дъждосвирец;;;;;;;;;;;;;;;;;;;;;;;;;;;;;;;
;;;;;;Cygnus sp. | Неопределен лебед;;;;;;;;;;;;;;;;;;;;;;;;;;;;;;;
;;;;;;Galinago sp.;;;;;;;;;;;;;;;;;;;;;;;;;;;;;;;
;;;;;;Gallinago sp. | Неопределена бекасина;;;;;;;;;;;;;;;;;;;;;;;;;;;;;;;
;;;;;;L.mich./cach. | Жълтокрака/Каспийска чайка;;;;;;;;;;;;;;;;;;;;;;;;;;;;;;;
;;;;;;Larus sp. | Неопределена чайка;;;;;;;;;;;;;;;;;;;;;;;;;;;;;;;
;;;;;;Mergus sp. | Неопределен нирец;;;;;;;;;;;;;;;;;;;;;;;;;;;;;;;
;;;;;;Phalacrocorax sp. | Неопределен корморан;;;;;;;;;;;;;;;;;;;;;;;;;;;;;;;
;;;;;;Podiceps sp. | Неопределен гмурец;;;;;;;;;;;;;;;;;;;;;;;;;;;;;;;
;;;;;;Tringa sp. | Неопределен водобегач;;;;;;;;;;;;;;;;;;;;;;;;;;;;;;;
;;;;;;Anser sp. | Неопределена гъска;;;;;;;;;;;;;;;;;;;;;;;;;;;;;;;
;;;;;;Acrocephalus sp. | Неопределено шаварче;;;;;;;;;;;;;;;;;;;;;;;;;;;;;;;
;;;;;;Anas sp. | Неопределена патица;;;;;;;;;;;;;;;;;;;;;;;;;;;;;;;
;;;;;;Circus sp. | Неопределен блатар;;;;;;;;;;;;;;;;;;;;;;;;;;;;;;;
;;;;;;Falco sp. | Неопределен сокол;;;;;;;;;;;;;;;;;;;;;;;;;;;;;;;
;;;;;;Gavia sp. | Неопределен гмуркач;;;;;;;;;;;;;;;;;;;;;;;;;;;;;;;
;;;;;;Sterna sp. | Неопределена рибарка;;;;;;;;;;;;;;;;;;;;;;;;;;;;;;;
;;;;;;Anthus sp. | Неопределена бъбрица;;;;;;;;;;;;;;;;;;;;;;;;;;;;;;;
;;;;;;Motacilla sp. | Неопределена стърчиопашка;;;;;;;;;;;;;;;;;;;;;;;;;;;;;;;
;;;;;;Pelecanus sp. | Неопределен пеликан;;;;;;;;;;;;;;;;;;;;;;;;;;;;;;;
;;;;;;Phylloscopus sp. | Неопределен певец;;;;;;;;;;;;;;;;;;;;;;;;;;;;;;;
;;;;;;Dendrocopos sp. | Неопределен кълвач;;;;;;;;;;;;;;;;;;;;;;;;;;;;;;;
;;;;;;Turdus sp. | Неопределен дрозд;;;;;;;;;;;;;;;;;;;;;;;;;;;;;;;
;;;;;;Accipiter sp. | Неопределен ястреб;;;;;;;;;;;;;;;;;;;;;;;;;;;;;;;
;;;;;;Apus sp. | Неопределен бързолет;;;;;;;;;;;;;;;;;;;;;;;;;;;;;;;
;;;;;;Aquila sp. | Неопределен орел;;;;;;;;;;;;;;;;;;;;;;;;;;;;;;;
;;;;;;Buteo sp. | Неопределен мишелов;;;;;;;;;;;;;;;;;;;;;;;;;;;;;;;
;;;;;;Ciconia sp. | Неопределен щъркел;;;;;;;;;;;;;;;;;;;;;;;;;;;;;;;
;;;;;;Corvus sp. | Неопределен гарван;;;;;;;;;;;;;;;;;;;;;;;;;;;;;;;
;;;;;;Falconidae sp.;;;;;;;;;;;;;;;;;;;;;;;;;;;;;;;
;;;;;;Milvus sp. | Неопределена каня;;;;;;;;;;;;;;;;;;;;;;;;;;;;;;;
;;;;;;Anas spp. | Неопределени патици;;;;;;;;;;;;;;;;;;;;;;;;;;;;;;;
;;;;;;Columba spp. | Неопределен гълъб;;;;;;;;;;;;;;;;;;;;;;;;;;;;;;;
;;;;;;Cygnus spp.;;;;;;;;;;;;;;;;;;;;;;;;;;;;;;;
;;;;;;Dendrocopos spp.;;;;;;;;;;;;;;;;;;;;;;;;;;;;;;;
;;;;;;Emberiza spp. | Неопределена овесарка;;;;;;;;;;;;;;;;;;;;;;;;;;;;;;;
;;;;;;Motacilla spp.;;;;;;;;;;;;;;;;;;;;;;;;;;;;;;;
;;;;;;Numenius spp. | Неопределен свирец;;;;;;;;;;;;;;;;;;;;;;;;;;;;;;;
;;;;;;Pelecanus spp.;;;;;;;;;;;;;;;;;;;;;;;;;;;;;;;
;;;;;;Sterna spp.;;;;;;;;;;;;;;;;;;;;;;;;;;;;;;;
;;;;;;Tringa spp.;;;;;;;;;;;;;;;;;;;;;;;;;;;;;;;
;;;;;;Accipitriformes/Falconiformes | Неопределена граблива птица (НГП);;;;;;;;;;;;;;;;;;;;;;;;;;;;;;;
;;;;;;Anseriformes/Podicipediformes etc. | Неопределена водолюбива птица (НВП);;;;;;;;;;;;;;;;;;;;;;;;;;;;;;;
;;;;;;Charadriiformes | Неопределен дъждосвирец (НД);;;;;;;;;;;;;;;;;;;;;;;;;;;;;;;
;;;;;;Columbiformes | Неопределен гълъб (НГБ);;;;;;;;;;;;;;;;;;;;;;;;;;;;;;;
;;;;;;Passeriformes | Неопределена пойна птица (НПП);;;;;;;;;;;;;;;;;;;;;;;;;;;;;;;
;;;;;;Ciconiiformes | Неопределена щъркелоподобна птица (НЩП);;;;;;;;;;;;;;;;;;;;;;;;;;;;;;;
;;;;;;Pelecaniformes | Неопределени пеликани и корморани (НПК);;;;;;;;;;;;;;;;;;;;;;;;;;;;;;;
